node.name,node.createdAt,node.stargazers.totalCount
freeCodeCamp,2014-12-24T17:49:19Z,314703
996.ICU,2019-03-26T07:31:14Z,251588
vue,2013-07-29T03:24:51Z,172039
free-programming-books,2013-10-11T06:50:37Z,159507
react,2013-05-24T16:15:54Z,155900
tensorflow,2015-11-07T01:19:20Z,148397
bootstrap,2011-07-29T21:19:00Z,144098
awesome,2014-07-11T13:42:37Z,140915
coding-interview-university,2016-06-06T02:34:12Z,134609
You-Dont-Know-JS,2013-11-16T02:37:24Z,127392
developer-roadmap,2017-03-15T13:45:52Z,125600
ohmyzsh,2009-08-28T18:15:37Z,116203
CS-Notes,2018-02-13T14:56:24Z,110963
gitignore,2010-11-08T20:17:14Z,107833
system-design-primer,2017-02-26T16:15:28Z,106802
vscode,2015-09-03T20:23:38Z,103207
flutter,2015-03-06T22:54:58Z,101412
javascript,2012-11-01T23:13:50Z,99648
linux,2011-09-04T22:48:12Z,97450
public-apis,2016-03-20T23:49:42Z,96228
d3,2010-09-27T17:22:42Z,93693
Python-100-Days,2018-03-01T16:05:52Z,92643
react-native,2015-01-09T18:10:16Z,90097
JavaGuide,2018-05-07T13:27:00Z,88056
awesome-python,2014-06-27T21:00:06Z,86636
electron,2013-04-12T01:47:36Z,85784
Python,2016-07-16T09:44:01Z,85470
build-your-own-x,2018-05-09T12:03:18Z,82261
create-react-app,2016-07-17T14:55:11Z,81868
javascript-algorithms,2018-03-24T07:47:04Z,80896
the-art-of-command-line,2015-05-20T15:11:03Z,80315
axios,2014-08-18T22:30:27Z,76996
go,2014-08-19T04:33:40Z,76538
node,2014-11-26T19:57:11Z,72976
youtube-dl,2010-10-31T14:35:07Z,70774
kubernetes,2014-06-06T22:56:04Z,70032
free-programming-books-zh_CN,2013-11-04T01:59:19Z,69837
animate.css,2011-10-12T10:07:38Z,67878
terminal,2017-08-11T18:38:22Z,67844
deno,2018-05-15T01:34:26Z,67316
models,2016-02-05T01:15:20Z,66098
angular,2014-09-18T16:12:01Z,65979
computer-science,2014-05-04T00:18:39Z,65746
puppeteer,2017-05-09T22:16:13Z,65115
TypeScript,2014-06-17T15:28:39Z,64321
Font-Awesome,2012-02-17T14:19:43Z,63904
three.js,2010-03-23T18:58:01Z,63402
ant-design,2015-04-24T15:37:24Z,63355
fucking-algorithm,2020-02-19T09:01:23Z,61770
30-seconds-of-code,2017-11-29T17:35:03Z,61731
laravel,2011-06-08T03:06:08Z,61447
material-ui,2014-08-18T19:11:54Z,60977
java-design-patterns,2014-08-09T16:45:18Z,60543
vue-element-admin,2017-04-17T03:35:49Z,59752
angular.js,2010-01-06T00:34:37Z,59508
LeetCodeAnimation,2018-12-06T08:01:22Z,59212
moby,2013-01-18T18:10:57Z,58051
awesome-go,2014-07-06T13:42:15Z,57443
awesome-vue,2015-10-20T00:16:14Z,56353
webpack,2012-03-10T10:08:14Z,55595
thefuck,2015-04-08T15:08:04Z,55476
redux,2015-05-29T23:53:15Z,54295
jquery,2009-04-03T15:20:14Z,53962
swift,2015-10-23T21:15:07Z,53457
storybook,2016-03-18T04:23:44Z,53438
next.js,2016-10-05T23:32:51Z,53232
reveal.js,2011-06-07T18:54:22Z,53080
atom,2012-01-20T18:18:21Z,52991
nodebestpractices,2017-09-15T08:33:19Z,52384
flask,2010-04-06T11:11:59Z,52011
django,2012-04-28T02:47:18Z,51974
elasticsearch,2010-02-08T13:20:56Z,51033
socket.io,2010-03-11T18:24:48Z,50669
FiraCode,2014-11-11T19:32:38Z,50536
spring-boot,2012-10-19T15:02:57Z,50494
shadowsocks-windows,2013-01-14T07:54:16Z,50435
Chart.js,2013-03-17T23:56:36Z,50277
express,2009-06-26T18:56:01Z,50103
keras,2015-03-28T00:35:42Z,49739
json-server,2013-11-27T13:21:13Z,49520
Apollo-11,2014-04-03T15:45:02Z,49005
Semantic-UI,2013-04-08T23:32:04Z,48450
awesome-selfhosted,2015-06-01T02:33:17Z,48439
netdata,2013-06-17T18:39:10Z,48387
opencv,2012-07-19T09:40:17Z,48280
rust,2010-06-16T20:39:03Z,48237
markdown-here,2012-05-13T03:27:22Z,48202
httpie,2012-02-25T12:39:13Z,48061
interviews,2017-02-14T18:19:25Z,47653
architect-awesome,2018-04-06T13:30:58Z,47415
advanced-java,2018-10-06T11:38:30Z,47289
element,2016-09-03T06:19:26Z,47239
gatsby,2015-05-21T22:43:05Z,46878
realworld,2016-02-26T20:49:53Z,46789
html5-boilerplate,2010-01-24T18:03:24Z,46759
hugo,2013-07-04T15:26:26Z,46628
awesome-machine-learning,2014-07-15T19:11:19Z,46514
lodash,2012-04-07T04:11:46Z,46492
rails,2008-04-11T02:19:47Z,46405
resume.github.com,2011-02-06T13:39:55Z,46149
Front-end-Developer-Interview-Questions,2012-02-09T23:34:10Z,46026
redis,2009-03-21T22:32:25Z,45179
bitcoin,2010-12-19T15:16:43Z,45126
tech-interview-handbook,2016-07-05T05:00:48Z,44876
moment,2011-03-01T02:46:06Z,44752
ansible,2012-03-06T14:58:02Z,44746
nvm,2010-04-15T17:47:47Z,44046
protobuf,2014-08-26T15:52:15Z,43720
requests,2011-02-13T18:38:17Z,43513
RxJava,2013-01-08T20:11:48Z,43430
nocode,2018-02-06T23:54:00Z,43425
papers-we-love,2013-12-15T14:31:41Z,42979
incubator-echarts,2013-04-03T03:18:59Z,42860
Front-End-Checklist,2017-10-16T10:12:36Z,42801
every-programmer-should-know,2017-08-24T13:18:26Z,42601
scikit-learn,2010-08-17T09:43:38Z,42283
meteor,2012-01-19T01:58:17Z,41943
pytorch,2016-08-13T05:26:41Z,41811
ionic-framework,2013-08-20T23:06:02Z,41744
gin,2014-06-16T23:57:25Z,41660
react-router,2014-05-16T22:22:51Z,41637
jekyll,2008-10-20T06:29:03Z,41241
bulma,2016-01-23T23:48:34Z,41121
material-design-icons,2014-10-08T18:01:28Z,40982
mall,2018-04-04T01:11:44Z,40936
awesome-public-datasets,2014-11-20T06:20:50Z,40930
DeepLearning-500-questions,2018-06-27T06:36:45Z,40712
normalize.css,2011-05-04T10:20:25Z,40548
Awesome-Hacking,2016-03-30T15:47:10Z,40539
hacker-scripts,2015-11-21T19:05:09Z,39408
spring-framework,2010-12-08T04:04:45Z,39236
clean-code-javascript,2016-11-25T22:25:41Z,39150
awesome-mac,2016-07-17T15:33:47Z,39116
awesome-react,2014-08-06T05:31:44Z,39040
frp,2015-12-21T15:24:59Z,39021
yarn,2016-01-19T17:39:16Z,38978
TensorFlow-Examples,2015-11-11T14:21:19Z,38798
awesome-android-ui,2014-12-24T01:45:03Z,38768
guava,2014-05-29T16:23:17Z,38748
free-for-dev,2015-03-18T21:06:26Z,38576
neovim,2014-01-31T13:39:22Z,38504
scrapy,2010-02-22T02:01:14Z,38276
okhttp,2012-07-23T13:42:55Z,38215
awesome-nodejs,2014-07-11T13:35:34Z,38038
materialize,2014-09-12T19:35:38Z,37998
big-list-of-naughty-strings,2015-08-08T20:57:20Z,37959
prettier,2016-11-29T17:13:37Z,37678
babel,2014-09-28T13:38:23Z,37412
serverless,2015-04-21T03:48:40Z,37371
architecture-samples,2016-02-05T13:42:07Z,37322
scrcpy,2017-11-21T18:00:27Z,37306
project-based-learning,2017-04-12T05:07:46Z,37219
nw.js,2012-01-04T06:21:10Z,37205
grafana,2013-12-11T15:59:56Z,37176
PowerToys,2019-05-01T17:44:02Z,37033
svelte,2016-11-20T18:13:05Z,36992
anime,2016-03-13T21:37:45Z,36760
freecodecamp.cn,2016-09-30T03:13:43Z,36760
parcel,2017-08-07T16:36:47Z,36684
retrofit,2010-09-06T21:39:43Z,36544
leetcode,2018-03-30T09:13:51Z,36406
tesseract,2014-08-12T18:04:59Z,36341
face_recognition,2017-03-03T21:52:39Z,36225
AdminLTE,2013-12-25T02:52:40Z,36131
learn-regex,2017-07-22T12:21:03Z,36091
awesome-interview-questions,2015-11-28T09:48:17Z,36082
impress.js,2011-12-28T22:23:19Z,35874
awesome-ios,2014-07-10T16:03:45Z,35649
build-web-application-with-golang,2012-08-02T11:49:35Z,35615
x64dbg,2015-04-11T20:48:23Z,35556
core,2013-09-17T07:29:48Z,35462
gogs,2014-02-12T01:57:08Z,35385
node-v0.x-archive,2009-05-27T16:29:46Z,35055
code-server,2019-02-27T16:50:41Z,34963
v2ray-core,2015-09-04T11:42:53Z,34953
you-get,2012-08-20T15:53:36Z,34946
awesome-courses,2014-11-15T18:36:49Z,34907
Ghost,2013-05-04T11:09:13Z,34859
vue2-elm,2016-12-23T01:49:20Z,34407
Alamofire,2014-07-31T05:56:19Z,34344
hyper,2016-07-01T06:01:21Z,34112
git,2008-07-23T14:21:26Z,34092
git-flight-rules,2014-07-22T20:35:09Z,33868
Best-websites-a-programmer-should-visit,2017-03-05T20:25:17Z,33771
the-book-of-secret-knowledge,2018-06-23T10:43:14Z,33718
transformers,2018-10-29T13:56:00Z,33692
dubbo,2012-06-19T07:56:02Z,33531
HelloGitHub,2016-05-04T06:24:11Z,33504
cpython,2017-02-10T19:23:51Z,33486
kotlin,2012-02-13T17:29:58Z,33357
godot,2014-01-04T16:05:36Z,33243
pm2,2013-05-21T03:25:25Z,33185
33-js-concepts,2018-09-04T13:27:04Z,33142
syncthing,2013-11-26T09:48:21Z,32979
AFNetworking,2011-05-31T21:28:44Z,32943
prometheus,2012-11-24T11:14:12Z,32881
awesome-wechat-weapp,2016-09-22T20:04:48Z,32788
shadowsocks,2012-04-20T13:10:49Z,32782
etcd,2013-07-06T21:57:21Z,32770
jest,2013-12-10T00:18:04Z,32449
faceswap,2017-12-19T09:44:13Z,32360
pdf.js,2011-04-26T06:32:03Z,32114
mermaid,2014-11-01T23:52:32Z,32002
gulp,2013-07-04T05:26:06Z,31902
brackets,2011-12-07T21:14:40Z,31899
fzf,2013-10-23T16:04:23Z,31770
MPAndroidChart,2014-04-25T14:29:47Z,31690
material-design-lite,2015-01-14T22:01:33Z,31672
Projects,2013-07-04T13:37:27Z,31584
algorithm-visualizer,2016-05-15T00:27:45Z,31583
discourse,2013-01-12T00:25:55Z,31501
hexo,2012-09-23T15:17:08Z,31275
slate,2013-09-13T22:15:24Z,31130
styled-components,2016-08-16T06:41:32Z,30870
awesome-flutter,2017-05-07T11:45:27Z,30842
caffe,2013-09-12T18:39:48Z,30831
jQuery-File-Upload,2010-12-01T15:35:32Z,30811
fullPage.js,2013-09-20T11:58:29Z,30792
hackathon-starter,2013-11-13T17:24:12Z,30758
traefik,2015-09-13T19:04:02Z,30732
github-cheat-sheet,2014-04-12T16:38:42Z,30710
pixi.js,2013-01-21T22:40:50Z,30589
app-ideas,2019-02-25T18:36:56Z,30480
XX-Net,2015-01-15T09:35:51Z,30314
shadowsocks-android,2012-12-16T13:40:29Z,30237
immutable-js,2014-07-02T06:02:29Z,30201
nuxt.js,2016-10-26T11:18:47Z,30178
android-open-project,2014-01-05T15:20:15Z,30169
nest,2017-02-04T20:12:52Z,30155
100-Days-Of-ML-Code,2018-07-05T09:11:43Z,30115
incubator-superset,2015-07-21T18:55:34Z,30066
caddy,2015-01-13T19:45:03Z,30027
Java,2016-07-16T10:21:02Z,29963
koa,2013-07-20T18:53:45Z,29887
chinese-poetry,2016-09-02T03:32:25Z,29874
glide,2013-07-08T22:52:33Z,29870
DefinitelyTyped,2012-10-05T16:39:45Z,29832
fastlane,2014-12-02T17:00:38Z,29759
lottie-android,2016-10-06T22:42:42Z,29668
deeplearningbook-chinese,2016-12-07T11:46:51Z,29595
video.js,2010-05-14T18:45:10Z,29447
huginn,2013-03-10T06:00:31Z,29424
julia,2011-04-21T07:01:50Z,29300
clipboard.js,2015-09-18T23:04:55Z,29204
design-patterns-for-humans,2017-02-16T21:24:39Z,29162
strapi,2015-09-30T15:34:48Z,28976
Leaflet,2010-09-22T16:57:44Z,28938
dayjs,2018-04-10T09:26:44Z,28859
interview_internal_reference,2019-06-10T06:54:19Z,28855
foundation-sites,2011-10-13T23:05:42Z,28765
12306,2017-05-17T12:23:40Z,28676
CppCoreGuidelines,2015-08-19T20:22:52Z,28493
ShadowsocksX-NG,2016-06-10T11:49:00Z,28425
tldr,2013-12-08T07:34:43Z,28384
Deep-Learning-Papers-Reading-Roadmap,2016-10-14T11:49:48Z,28324
Rocket.Chat,2015-05-19T07:36:09Z,28264
php-src,2011-06-16T01:52:25Z,28210
phaser,2013-04-12T12:27:51Z,28142
awesome-react-native,2015-03-26T19:58:06Z,28062
AndroidUtilCode,2016-07-30T18:18:32Z,27892
phantomjs,2010-12-27T08:18:58Z,27862
es6features,2014-03-03T18:29:30Z,27827
legacy-homebrew,2009-05-20T19:38:37Z,27680
backbone,2010-09-30T19:41:28Z,27665
frontend-dev-bookmarks,2013-06-22T13:23:55Z,27617
quill,2012-07-30T23:23:18Z,27616
vuetify,2016-09-12T00:39:35Z,27555
grpc,2014-12-08T18:58:53Z,27543
spark,2014-02-25T08:00:08Z,27465
tailwindcss,2017-10-06T14:59:14Z,27449
awesome-cpp,2014-07-17T08:51:11Z,27323
HEAD,2016-04-20T20:05:37Z,27322
ijkplayer,2013-06-03T04:12:04Z,27296
awesome-scalability,2017-12-27T03:46:40Z,27293
og-aws,2016-07-13T17:30:16Z,27281
certbot,2014-11-12T02:52:20Z,27167
what-happens-when,2013-11-07T04:30:06Z,27161
preact,2015-09-11T02:40:18Z,27128
gold-miner,2015-11-04T03:29:13Z,27104
android_guides,2013-06-19T10:24:45Z,26969
taro,2018-04-08T09:32:26Z,26902
kong,2014-11-17T23:56:08Z,26868
todomvc,2011-06-03T19:56:33Z,26851
AiLearning,2017-02-25T08:53:02Z,26848
SecLists,2012-02-19T01:30:18Z,26781
go-ethereum,2013-12-26T13:05:46Z,26735
async,2010-06-01T21:01:30Z,26717
awesome-awesomeness,2014-07-08T05:44:19Z,26576
pandas,2010-08-24T01:37:33Z,26525
ant-design-pro,2017-08-25T10:40:44Z,26476
localstack,2016-10-25T23:48:03Z,26340
vue-cli,2015-12-26T23:11:20Z,26324
react-boilerplate,2015-02-18T14:36:32Z,26284
wrk,2012-03-20T11:12:28Z,26199
zxing,2011-10-12T14:07:27Z,26181
awesome-java,2014-07-09T10:12:43Z,26093
sentry,2010-08-30T22:06:41Z,26064
slick,2014-03-24T02:10:05Z,26042
python-patterns,2012-06-06T21:02:35Z,25842
front-end-interview-handbook,2018-01-13T19:40:08Z,25819
trackerslist,2016-04-24T11:57:57Z,25746
mkcert,2018-06-25T05:33:03Z,25703
programmer-job-blacklist,2016-06-25T06:09:10Z,25655
new-pac,2016-03-23T08:43:36Z,25563
proxyee-down,2017-10-25T10:07:27Z,25558
underscore,2009-10-25T18:31:06Z,25526
500lines,2013-11-04T02:02:53Z,25464
PythonDataScienceHandbook,2016-08-10T14:24:36Z,25462
uni-app,2018-07-12T08:52:39Z,25454
butterknife,2013-03-05T08:18:59Z,25448
styleguide,2015-05-20T19:18:59Z,25386
manim,2015-03-22T18:50:58Z,25380
carbon,2017-06-16T02:50:28Z,25277
leakcanary,2015-04-29T23:54:16Z,25254
pure-bash-bible,2018-06-13T01:39:33Z,25254
JCSprout,2017-12-17T09:06:50Z,25227
alacritty,2016-02-18T05:02:30Z,25220
tidb,2015-09-06T04:01:52Z,25069
faker.js,2010-05-15T00:53:07Z,25069
pi-hole,2014-06-08T15:02:55Z,25002
weui,2014-12-18T04:09:54Z,24978
GitHub-Chinese-Top-Charts,2019-09-05T03:01:56Z,24952
beego,2012-02-29T02:32:08Z,24867
bert,2018-10-25T22:57:34Z,24852
iina,2016-12-19T07:18:45Z,24827
request,2011-01-23T01:25:14Z,24801
basics,2018-11-05T03:44:27Z,24773
swiper,2012-03-14T19:11:45Z,24770
vuex,2015-07-16T04:21:26Z,24738
open-source-ios-apps,2015-01-26T23:32:34Z,24722
netty,2010-11-09T09:22:21Z,24710
Faker,2011-10-14T22:49:02Z,24675
nativefier,2015-07-05T05:56:42Z,24659
select2,2012-03-04T18:43:12Z,24631
formik,2017-06-14T19:50:59Z,24574
nylas-mail,2014-10-16T18:29:12Z,24545
Modernizr,2009-09-25T20:13:23Z,24527
lerna,2015-12-04T09:36:55Z,24481
funNLP,2018-08-21T11:20:39Z,24415
hangzhou_house_knowledge,2018-02-24T01:54:18Z,24356
standard,2015-01-27T01:23:31Z,24300
gitflow,2010-01-20T23:14:12Z,24292
machine-learning-for-software-engineers,2016-10-09T21:20:25Z,24241
istio,2016-11-18T23:57:21Z,24224
angular-styleguide,2014-07-29T00:07:51Z,24167
awesome-php,2013-11-26T03:14:19Z,24145
jieba,2012-09-29T07:52:01Z,24089
COVID-19,2020-02-04T22:03:53Z,24056
rethinkdb,2012-10-30T05:37:47Z,24012
dotfiles,2011-09-05T18:07:54Z,23989
fetch,2014-10-13T00:26:19Z,23978
symfony,2010-01-04T14:21:21Z,23887
awesome-macos-command-line,2015-09-22T19:37:55Z,23887
minio,2015-01-14T19:23:58Z,23839
devdocs,2013-10-24T18:16:07Z,23838
composer,2011-06-08T08:53:00Z,23791
angular-cli,2015-06-04T19:49:37Z,23761
terraform,2014-03-13T22:25:48Z,23742
awesome-react-components,2016-06-24T15:19:33Z,23732
Detectron,2017-10-05T17:32:00Z,23648
nerd-fonts,2014-12-05T04:31:17Z,23626
spring-boot-examples,2016-11-05T05:32:33Z,23588
swift-algorithm-club,2016-01-26T17:56:12Z,23560
imgui,2014-07-21T14:29:47Z,23529
iview,2016-07-28T01:52:59Z,23509
hoppscotch,2019-08-21T13:15:24Z,23486
date-fns,2014-10-06T10:24:22Z,23446
open-source-mac-os-apps,2017-11-03T02:35:33Z,23415
jadx,2013-03-18T17:08:21Z,23369
rclone,2014-03-16T16:19:57Z,23335
Charts,2015-03-20T10:49:12Z,23298
marked,2011-07-24T13:15:51Z,23273
Hover,2014-01-02T14:27:35Z,23259
p3c,2017-06-23T06:15:51Z,23158
postcss,2013-09-24T23:06:48Z,23144
cypress,2015-03-04T00:46:28Z,23088
uppy,2015-11-16T12:32:33Z,23061
SDWebImage,2009-09-21T17:39:19Z,23003
brew,2016-03-06T05:08:38Z,22993
arthas,2018-08-29T17:15:57Z,22988
project-guidelines,2017-06-30T10:17:55Z,22980
the-way-to-go_ZH_CN,2013-03-24T17:18:38Z,22958
CodeHub,2013-07-23T22:19:57Z,22944
awesome-for-beginners,2015-10-24T19:53:36Z,22923
kubernetes-the-hard-way,2016-07-07T14:15:27Z,22914
rxjs,2015-03-15T06:17:10Z,22895
gitbook,2014-03-31T03:01:56Z,22881
Motrix,2018-12-18T11:45:05Z,22842
EventBus,2012-07-16T16:55:40Z,22841
tutorials,2013-04-29T18:26:36Z,22826
sequelize,2010-07-22T07:11:11Z,22819
libpku,2018-11-22T13:33:06Z,22814
javascript-questions,2019-06-12T08:26:27Z,22700
sheetjs,2012-12-03T19:25:52Z,22695
bat,2018-04-21T10:52:23Z,22666
vimrc,2012-05-29T16:19:29Z,22641
webtorrent,2013-10-15T08:16:40Z,22583
cheerio,2011-10-09T04:23:20Z,22571
ResumeSample,2014-09-08T08:08:13Z,22511
particles.js,2014-09-06T14:29:47Z,22501
mobx,2015-03-14T14:31:38Z,22429
layui,2015-09-22T08:12:03Z,22396
fastjson,2011-11-03T06:58:52Z,22363
gitlabhq,2011-10-02T16:25:27Z,22338
apollo,2016-03-04T10:24:23Z,22251
metabase,2015-02-02T19:25:47Z,22187
ghidra,2019-03-01T03:27:48Z,22175
druid,2011-11-03T05:12:51Z,22174
chosen,2011-04-18T15:07:41Z,22156
gym,2016-04-27T14:59:16Z,22152
dive,2018-05-13T15:44:01Z,22112
PowerShell,2016-01-13T23:41:35Z,22096
framework,2013-01-10T21:27:28Z,22064
ace,2010-10-27T10:43:36Z,22044
tesseract.js,2015-06-24T02:49:52Z,22033
flutter-go,2019-01-08T09:03:40Z,22000
955.WLB,2019-03-27T23:53:37Z,21971
lottie-web,2015-02-20T21:02:59Z,21969
awesome-deep-learning-papers,2016-06-03T06:48:30Z,21949
tabler,2018-02-01T09:08:59Z,21922
mastodon,2016-02-22T15:01:25Z,21822
YouCompleteMe,2012-04-16T03:12:14Z,21817
Probabilistic-Programming-and-Bayesian-Methods-for-Hackers,2013-01-14T15:46:28Z,21762
obs-studio,2013-10-01T02:40:31Z,21747
drone,2014-02-07T07:54:44Z,21727
hammer.js,2012-03-02T12:58:28Z,21699
linux-insides,2015-01-03T18:44:57Z,21699
uBlock,2015-04-01T17:51:11Z,21695
leveldb,2014-08-27T21:17:52Z,21684
Vundle.vim,2010-10-17T23:17:53Z,21656
fastText,2016-07-16T13:38:42Z,21638
nprogress,2013-08-20T13:58:02Z,21610
streisand,2014-03-23T21:56:19Z,21600
python-guide,2011-03-15T03:24:20Z,21587
ripgrep,2016-03-11T02:02:33Z,21573
html2canvas,2011-07-16T01:05:58Z,21559
ember.js,2011-05-25T23:39:40Z,21544
monaco-editor,2016-06-07T16:56:31Z,21538
metasploit-framework,2011-08-30T06:13:20Z,21532
sails,2012-03-18T19:46:15Z,21529
wtfpython,2017-08-28T20:22:19Z,21515
SmartRefreshLayout,2017-06-02T09:52:50Z,21467
cmder,2013-07-09T07:44:22Z,21467
mongoose,2010-04-06T21:39:05Z,21466
polymer,2012-08-23T20:56:30Z,21451
vim,2015-08-18T21:03:56Z,21328
shellcheck,2012-11-17T03:15:11Z,21318
ngx-admin,2016-05-25T10:09:03Z,21301
nodemon,2010-10-03T12:50:52Z,21227
gitea,2016-11-01T02:13:26Z,21213
FFmpeg,2011-04-14T14:12:38Z,21170
devise,2009-09-16T12:15:12Z,21097
CodeMirror,2011-01-14T13:44:03Z,21096
pure,2013-04-22T16:16:39Z,21068
blog,2014-04-25T09:44:42Z,21063
handson-ml,2016-02-16T19:48:39Z,21024
awesome-javascript,2014-07-01T15:59:02Z,20983
sweetalert,2014-09-30T11:12:48Z,20969
pipenv,2017-01-20T00:44:02Z,20961
fastapi,2018-12-08T08:21:47Z,20946
Sortable,2013-12-19T10:10:13Z,20943
flow,2014-10-28T17:17:45Z,20918
react-select,2014-08-26T04:27:45Z,20916
aria2,2010-11-27T09:41:48Z,20907
the_silver_searcher,2011-11-19T19:50:47Z,20867
typeorm,2016-02-29T07:41:14Z,20850
redux-saga,2015-11-29T16:58:12Z,20847
ItChat,2016-01-19T07:49:48Z,20806
awesome-sysadmin,2014-02-09T22:39:20Z,20791
interactive-coding-challenges,2015-04-28T21:36:39Z,20785
BaseRecyclerViewAdapterHelper,2016-04-10T07:40:11Z,20724
lighthouse,2016-03-08T01:03:11Z,20710
gorm,2013-10-25T08:31:38Z,20708
react-beautiful-dnd,2017-08-09T03:37:15Z,20707
HanLP,2014-10-09T06:36:16Z,20703
pyenv,2012-08-31T06:57:52Z,20685
compose,2013-12-09T11:40:58Z,20673
wepy,2016-11-14T08:06:56Z,20653
spacemacs,2012-12-17T21:34:03Z,20606
vagrant,2010-01-21T08:34:27Z,20604
octotree,2014-05-09T18:15:20Z,20491
vim-plug,2013-09-10T14:58:51Z,20486
Daily-Interview-Question,2019-01-19T10:49:00Z,20470
Awesome-Design-Tools,2019-02-12T13:55:30Z,20445
PhotoSwipe,2011-04-07T05:46:29Z,20356
lottie-ios,2016-10-06T22:38:38Z,20354
react-starter-kit,2014-04-16T13:08:18Z,20347
awesome-electron,2015-04-23T11:48:53Z,20329
pandoc,2010-03-20T20:34:23Z,20294
components,2016-01-04T18:50:02Z,20291
husky,2014-06-23T12:14:21Z,20290
Hystrix,2012-11-19T20:14:46Z,20279
json,2013-07-04T08:47:49Z,20269
hub,2009-12-05T22:15:25Z,20242
modern-js-cheatsheet,2017-09-18T14:56:00Z,20198
bootstrap-material-design,2014-08-18T11:54:00Z,20191
calculator,2019-01-28T17:55:49Z,20185
fonts,2012-12-19T13:31:50Z,20172
consul,2013-11-04T22:15:27Z,20153
iosched,2014-04-01T22:40:40Z,20117
dragula,2015-04-13T21:35:38Z,20023
awesome-shell,2014-07-07T01:57:42Z,20019
react-redux,2015-07-11T17:32:01Z,20007
mpvue,2018-03-07T03:09:25Z,19993
SwiftyJSON,2014-06-18T14:41:15Z,19959
Blog,2017-03-13T10:04:33Z,19941
react-virtualized,2015-11-03T00:48:07Z,19935
awesome-python-cn,2015-11-03T09:50:50Z,19911
mitmproxy,2010-02-16T04:10:13Z,19882
guzzle,2011-02-28T02:44:05Z,19876
jsPDF,2009-12-06T14:56:32Z,19874
ReactiveCocoa,2012-03-02T22:11:24Z,19862
iptv,2018-11-14T22:00:57Z,19858
pop,2014-03-30T22:29:12Z,19851
mocha,2011-03-07T18:44:25Z,19793
xgboost,2014-02-06T17:28:03Z,19776
hosts,2017-08-05T16:10:32Z,19767
design-resources-for-developers,2020-05-06T14:40:35Z,19759
DeepFaceLab,2018-06-04T13:10:00Z,19755
dokku,2013-06-08T10:26:57Z,19727
RxJS,2012-01-07T00:31:41Z,19715
awesome-swift,2014-07-10T14:04:09Z,19703
react-redux-links,2016-01-22T02:10:28Z,19702
the-swift-programming-language-in-chinese,2014-06-03T04:44:09Z,19649
emscripten,2011-02-12T05:23:30Z,19602
English-level-up-tips-for-Chinese,2017-05-30T07:18:52Z,19598
upterm,2015-03-22T07:00:24Z,19573
influxdb,2013-09-26T14:31:10Z,19553
pug,2010-06-23T01:05:42Z,19549
gentelella,2015-05-15T06:57:27Z,19524
intro.js,2013-03-10T15:12:45Z,19505
data-science-ipython-notebooks,2015-01-23T19:38:29Z,19481
drawio,2016-09-06T12:59:15Z,19463
GPUImage,2012-02-13T15:20:02Z,19458
ramda,2013-06-21T20:32:35Z,19452
normalizr,2014-08-20T08:41:38Z,19432
Real-Time-Voice-Cloning,2019-05-26T08:56:15Z,19428
fastai,2017-09-09T17:43:36Z,19428
tornado,2009-09-09T04:55:16Z,19419
vapor,2016-01-18T22:37:52Z,19394
The-Art-Of-Programming-By-July,2013-12-14T10:00:06Z,19379
react-native-elements,2016-09-08T14:21:41Z,19360
cheat.sh,2017-05-07T21:40:56Z,19321
waifu2x,2015-05-17T07:29:15Z,19305
bluebird,2013-09-07T19:39:57Z,19299
docz,2018-03-17T04:24:10Z,19257
security-guide-for-developers,2016-06-08T15:56:25Z,19251
awesome-remote-job,2015-01-02T00:31:34Z,19200
You-Dont-Need-jQuery,2015-11-21T16:02:26Z,19198
algo,2016-05-15T03:42:48Z,19192
ngrok,2013-03-20T09:37:43Z,19187
aspnetcore,2014-03-11T06:09:42Z,19172
learnGitBranching,2012-08-13T22:36:09Z,19163
profile-summary-for-github,2017-12-10T13:29:15Z,19146
docker-cheat-sheet,2014-08-05T20:04:20Z,19133
android-best-practices,2014-07-29T09:09:44Z,19133
RxAndroid,2014-08-19T03:46:38Z,19128
acme.sh,2015-12-26T12:56:33Z,19071
enzyme,2015-11-10T21:45:38Z,19070
RxSwift,2015-04-07T21:25:17Z,19064
minikube,2016-04-15T22:38:35Z,19063
DesignPatternsPHP,2011-08-22T05:24:31Z,19051
docusaurus,2017-06-20T16:13:53Z,19045
scrollreveal,2014-01-16T17:37:20Z,19044
How-to-Make-a-Computer-Operating-System,2013-11-29T17:36:32Z,19011
NativeScript,2015-03-01T09:47:08Z,19000
iris,2016-01-30T04:36:48Z,18990
incubator-mxnet,2015-04-30T16:21:15Z,18980
cockroach,2014-02-06T00:18:47Z,18964
mattermost-server,2015-06-15T06:50:02Z,18922
rollup,2015-05-14T22:26:28Z,18912
zju-icicles,2016-06-28T16:17:32Z,18886
Hero,2016-11-24T18:49:37Z,18877
tmux,2015-06-03T23:32:55Z,18863
draft-js,2016-02-19T20:18:26Z,18863
feather,2014-05-28T19:49:55Z,18829
autoprefixer,2013-03-14T05:04:51Z,18809
react-motion,2015-06-11T07:38:23Z,18806
django-rest-framework,2011-03-02T17:13:56Z,18787
mostly-adequate-guide,2015-05-06T01:44:15Z,18781
react-navigation,2017-01-26T19:51:40Z,18775
darknet,2014-04-11T07:59:16Z,18760
OpenAPI-Specification,2014-03-03T16:53:36Z,18729
odoo,2014-05-13T15:38:58Z,18714
os-tutorial,2014-09-29T08:39:34Z,18711
commander.js,2011-08-14T21:33:58Z,18673
d2l-zh,2017-08-23T04:40:24Z,18668
Python,2011-11-30T09:04:08Z,18653
etcher,2015-10-27T16:53:23Z,18645
selenium,2013-01-14T21:40:56Z,18634
graphql-engine,2018-06-18T07:57:36Z,18616
JavaFamily,2019-11-12T04:26:18Z,18608
wtfjs,2017-07-14T15:42:12Z,18597
Aerial,2015-10-26T21:21:31Z,18589
v,2019-02-08T02:57:06Z,18569
es6tutorial,2014-04-20T13:06:28Z,18555
Coursera-ML-AndrewNg-Notes,2017-11-04T10:04:08Z,18554
nightmare,2014-04-05T22:19:51Z,18554
mongo,2009-01-15T16:15:18Z,18551
openpose,2017-04-24T14:06:31Z,18545
web-starter-kit,2014-04-07T08:45:18Z,18529
gson,2015-03-19T18:21:20Z,18518
slate,2016-06-18T01:52:42Z,18517
vhr,2018-01-04T08:57:51Z,18499
awesome-docker,2014-09-21T17:01:48Z,18490
fanqiang,2015-01-14T00:34:25Z,18485
cobra,2013-09-03T20:40:26Z,18483
skrollr,2012-03-18T15:41:35Z,18453
flv.js,2016-05-12T08:34:31Z,18445
swagger-ui,2011-07-15T22:56:39Z,18437
js-stack-from-scratch,2016-10-02T13:31:23Z,18417
nsq,2012-05-12T14:37:08Z,18394
faas,2016-12-22T12:51:39Z,18386
xi-editor,2016-04-26T23:03:23Z,18299
architecture-components-samples,2017-05-09T21:09:14Z,18296
react-bootstrap,2013-12-27T19:06:07Z,18271
fastclick,2012-02-13T08:38:00Z,18260
ava,2014-11-18T17:20:26Z,18258
vue-devtools,2014-09-29T03:52:07Z,18249
Wox,2013-12-19T15:49:32Z,18248
airflow,2015-04-13T18:04:58Z,18234
react-spring,2018-03-07T15:39:32Z,18187
sqlmap,2012-06-26T09:52:15Z,18164
hiring-without-whiteboards,2017-03-15T05:09:01Z,18126
material-dialogs,2014-11-03T03:21:42Z,18121
hyperapp,2017-01-20T05:20:21Z,18103
echo,2015-03-01T17:43:01Z,18102
curl,2010-03-18T22:32:22Z,18090
ipfs,2014-02-11T07:28:24Z,18089
CodeIgniter,2011-08-19T13:34:00Z,18070
the-super-tiny-compiler,2016-03-11T04:19:18Z,18058
plyr,2015-02-14T11:33:07Z,18056
pytorch-tutorial,2017-03-10T07:41:47Z,18049
Dress,2018-02-11T03:49:29Z,18044
kit,2015-02-03T00:01:19Z,18026
project-layout,2017-09-09T16:33:26Z,17984
helm,2015-10-06T01:07:32Z,17978
passport,2011-10-08T22:38:32Z,17942
corefx,2014-11-06T23:42:48Z,17903
windows95,2018-08-23T05:04:38Z,17877
iTerm2-Color-Schemes,2011-04-01T04:01:46Z,17866
monolog,2011-02-17T02:07:15Z,17854
black,2018-03-14T19:54:45Z,17851
algorithms,2016-11-17T22:32:08Z,17848
immer,2017-12-29T12:25:47Z,17831
parse-server,2016-01-28T18:29:14Z,17812
Masonry,2013-07-22T01:15:48Z,17809
popmotion,2014-08-17T16:23:07Z,17808
Skeleton,2011-04-30T20:04:24Z,17801
architecture.of.internet-product,2018-04-30T10:25:31Z,17792
joplin,2017-01-16T21:49:41Z,17785
yapi,2016-05-30T09:09:09Z,17782
spring-boot-demo,2017-11-10T06:27:29Z,17779
localForage,2013-10-31T00:10:06Z,17765
awesome-vscode,2016-02-07T23:02:45Z,17764
jq,2012-07-18T19:57:25Z,17746
Mask_RCNN,2017-10-19T20:28:34Z,17737
rocksdb,2012-11-30T06:16:18Z,17698
jstraining,2016-10-27T12:00:26Z,17697
python-fire,2017-02-21T21:35:07Z,17683
servo,2012-02-08T19:07:25Z,17681
vault,2015-02-25T00:15:59Z,17674
neural-style,2015-09-01T04:55:14Z,17655
picasso,2013-05-14T15:07:47Z,17640
sharp,2013-08-19T20:24:24Z,17631
weex,2016-03-11T10:18:11Z,17556
homebrew-cask,2012-03-05T02:05:17Z,17421
docker_practice,2014-09-05T04:06:39Z,17413
libgdx,2012-08-10T19:34:38Z,17403
SpinKit,2013-12-12T23:29:41Z,17400
elixir,2011-01-09T08:43:57Z,17383
vuepress,2018-04-05T16:58:38Z,17367
react,2018-06-02T04:08:16Z,17331
skill-map,2015-11-17T11:17:38Z,17312
react-native-web,2015-06-09T19:25:38Z,17309
engineering-blogs,2015-06-13T18:25:17Z,17297
ruby,2010-02-27T15:55:23Z,17293
lazygit,2018-05-19T00:53:06Z,17291
redash,2013-10-28T13:19:39Z,17251
vux,2016-02-15T03:23:27Z,17224
macOS-Security-and-Privacy-Guide,2015-08-31T03:36:35Z,17222
generator-jhipster,2013-10-21T20:07:22Z,17211
my-mac-os,2016-03-04T12:26:34Z,17211
seata,2018-12-28T08:37:22Z,17206
npm,2009-09-29T17:21:24Z,17203
spaCy,2014-07-03T15:15:40Z,17201
reselect,2015-07-01T11:06:45Z,17181
howler.js,2013-01-28T16:47:12Z,17176
osquery,2014-07-29T20:27:33Z,17172
PhotoView,2012-07-17T16:39:00Z,17127
googletest,2015-07-28T15:07:53Z,17125
Boostnote,2016-03-06T17:06:07Z,17121
eslint,2013-06-29T23:59:48Z,17110
openpilot,2016-11-24T01:33:30Z,17107
toBeTopJavaer,2018-10-25T09:54:54Z,17092
stackedit,2013-03-24T13:46:06Z,17047
ChromeAppHeroes,2019-02-07T06:35:24Z,17043
highlight.js,2011-01-01T23:47:21Z,17036
vue-router,2013-12-11T19:37:46Z,17017
hello-algorithm,2020-05-29T05:47:09Z,17014
apollo,2017-07-04T19:03:31Z,16998
idiomatic.js,2011-05-25T17:48:59Z,16972
awesome-rust,2014-07-17T10:45:10Z,16955
NeteaseCloudMusicApi,2016-06-22T11:58:03Z,16939
prisma1,2016-09-25T12:54:40Z,16927
hosts,2014-07-04T01:05:27Z,16915
gfwlist,2015-03-13T13:24:56Z,16912
easyexcel,2018-02-06T03:14:08Z,16882
miaosha,2018-09-14T04:36:24Z,16869
CNTK,2015-11-26T09:52:06Z,16865
kafka,2011-08-15T18:06:16Z,16860
flux,2014-07-20T23:33:08Z,16834
SnapKit,2014-06-05T21:13:40Z,16828
marktext,2017-11-12T16:05:25Z,16809
glances,2011-12-04T08:49:15Z,16800
fabric.js,2010-06-09T22:24:38Z,16782
ML-From-Scratch,2017-02-05T12:11:23Z,16770
velocity,2014-04-09T20:02:38Z,16759
Android-Universal-Image-Loader,2011-11-27T18:48:23Z,16746
tips,2015-07-15T07:24:48Z,16711
blueprint,2016-10-25T21:17:50Z,16701
jquery-pjax,2011-02-26T02:44:18Z,16687
Kingfisher,2015-04-06T14:26:21Z,16687
SpringAll,2018-05-02T02:48:44Z,16684
graphql-js,2015-06-30T12:16:50Z,16675
NLP-progress,2018-06-22T17:43:55Z,16669
hhvm,2010-01-02T01:17:06Z,16656
halo,2018-03-21T12:56:52Z,16637
wekan,2014-01-21T01:26:28Z,16631
source-code-pro,2012-08-09T23:14:02Z,16618
material,2014-07-01T19:20:06Z,16613
RedisDesktopManager,2013-08-05T07:51:08Z,16595
CS-Interview-Knowledge-Map,2018-03-19T02:38:12Z,16536
phpunit,2009-12-24T13:16:23Z,16535
Micro8,2019-02-18T08:30:52Z,16528
PayloadsAllTheThings,2016-10-18T07:29:07Z,16514
wenyan,2019-12-08T20:21:32Z,16500
IntelliJ-IDEA-Tutorial,2015-08-17T15:25:52Z,16499
algo,2018-09-24T05:33:46Z,16492
playwright,2019-11-15T18:32:42Z,16459
pkg,2016-08-08T19:41:59Z,16448
less.js,2010-02-20T17:25:38Z,16419
fresco,2015-03-02T09:58:04Z,16309
ExoPlayer,2014-06-13T21:19:18Z,16302
js-cookie,2015-03-19T15:57:47Z,16291
uikit,2013-07-18T16:00:26Z,16253
validator.js,2010-10-06T06:58:48Z,16246
notable,2018-12-22T13:57:19Z,16218
api-guidelines,2016-07-12T20:01:24Z,16193
quasar,2015-10-05T15:45:36Z,16193
lazydocker,2019-05-18T08:53:50Z,16174
typeahead.js,2013-02-19T19:45:01Z,16151
fks,2012-10-17T05:55:16Z,16138
jenkins,2010-11-22T21:21:23Z,16122
react-native-guide,2015-04-10T03:34:17Z,16093
hosts,2012-04-12T20:22:50Z,16080
egg,2016-06-18T06:53:23Z,16074
winston,2010-12-29T18:49:51Z,16060
mojs,2014-06-26T08:49:14Z,16043
mint-ui,2016-05-17T09:54:10Z,16036
swoole-src,2012-07-21T13:49:59Z,16033
ZeroNet,2015-01-12T00:41:38Z,16032
go,2013-08-14T08:33:55Z,16021
cleave.js,2016-05-18T12:45:03Z,16019
portainer,2016-05-19T20:15:28Z,15981
logrus,2013-10-16T19:08:55Z,15964
flexbox-layout,2016-05-04T08:11:22Z,15961
v8,2014-09-24T15:24:30Z,15958
awesome-tensorflow,2016-02-27T17:00:27Z,15950
node-lessons,2014-10-05T09:57:08Z,15914
chinese-independent-developer,2017-09-21T11:08:23Z,15912
awesome-deep-learning,2015-01-02T19:28:35Z,15826
mysql,2010-07-29T14:58:13Z,15818
libuv,2013-11-30T00:29:56Z,15816
anko,2014-09-18T12:12:23Z,15807
SwitchyOmega,2012-06-08T15:32:30Z,15790
tqdm,2015-06-03T13:13:14Z,15787
celery,2009-04-24T11:31:24Z,15786
100-Days-Of-ML-Code,2018-08-05T13:32:48Z,15749
edex-ui,2017-01-28T09:35:02Z,15746
popper-core,2016-03-29T17:00:47Z,15744
dnSpy,2015-07-01T16:05:10Z,15738
fastify,2016-09-28T19:10:14Z,15728
MBProgressHUD,2009-05-31T21:45:41Z,15709
framework7,2014-02-23T12:15:53Z,15697
electron-react-boilerplate,2015-05-18T09:54:57Z,15694
plaid,2015-10-30T16:10:56Z,15680
canal,2013-01-13T10:59:52Z,15680
joi,2012-09-16T16:38:06Z,15659
phoenix,2014-01-20T14:14:11Z,15638
hubot,2011-08-27T08:30:59Z,15635
hacker-laws,2018-01-25T03:46:34Z,15634
magenta,2016-05-05T20:10:40Z,15616
vue-next,2018-06-12T13:49:36Z,15616
coffeescript,2009-12-18T01:39:53Z,15613
ice,2016-11-03T06:59:15Z,15602
zheng,2016-10-04T10:07:06Z,15593
folly,2012-06-01T20:49:04Z,15582
Public-APIs,2016-01-13T18:53:25Z,15571
spring-cloud-alibaba,2017-12-01T20:49:15Z,15548
xxl-job,2015-11-28T12:59:34Z,15540
handlebars.js,2010-07-31T18:54:46Z,15538
fish-shell,2012-05-10T03:00:55Z,15533
PHPMailer,2011-08-23T07:57:17Z,15527
DoraemonKit,2018-08-14T10:32:07Z,15515
hutool,2014-04-13T07:23:51Z,15511
reddit,2008-06-18T23:30:53Z,15471
trix,2013-08-01T22:21:30Z,15471
reverse-interview,2019-09-08T13:38:40Z,15457
python-cheatsheet,2018-01-25T04:16:53Z,15444
react-use,2018-10-27T10:16:05Z,15432
homebridge,2014-12-01T16:37:39Z,15428
react-loadable,2017-03-09T18:41:17Z,15412
hexo-theme-next,2014-12-01T14:07:07Z,15410
MS-DOS,2018-06-25T18:26:02Z,15402
ruby-style-guide,2011-09-12T13:03:05Z,15395
vegeta,2013-08-13T11:45:21Z,15383
Mock,2013-04-26T08:06:57Z,15379
bazel,2014-06-12T16:00:38Z,15347
superagent,2011-04-13T02:29:45Z,15320
statsd,2010-12-30T00:09:50Z,15318
terminus,2016-12-23T09:06:10Z,15310
tinker,2016-09-06T06:57:52Z,15309
react-demos,2015-03-23T10:50:07Z,15293
redux-thunk,2015-07-13T13:33:08Z,15272
quick-look-plugins,2013-12-07T15:43:33Z,15215
eShopOnContainers,2016-10-05T22:35:23Z,15201
cs-video-courses,2016-10-21T17:02:11Z,15197
NES.css,2018-09-24T01:49:11Z,15188
SwiftGuide,2014-06-14T01:17:57Z,15176
rancher,2014-11-07T20:49:31Z,15171
dropzone,2012-02-12T16:19:18Z,15160
eng-practices,2019-09-04T20:47:01Z,15158
crystal,2012-11-27T17:32:32Z,15150
WaveFunctionCollapse,2016-09-30T11:53:17Z,15149
HarmonyOS,2019-08-09T11:24:00Z,15141
bower,2012-09-07T00:15:39Z,15135
DeepSpeech,2016-06-02T15:04:53Z,15133
reinforcement-learning,2016-08-24T17:02:41Z,15123
iview-admin,2017-09-15T10:34:27Z,15114
dva,2016-06-24T09:06:16Z,15096
chalk,2013-08-03T00:20:12Z,15079
AR.js,2017-02-17T10:27:59Z,15063
REKCARC-TSC-UHT,2019-04-05T03:31:23Z,15057
docsify,2016-11-20T07:55:43Z,15055
flatbuffers,2014-05-19T18:33:01Z,15034
libra,2019-04-02T21:51:45Z,15023
dbeaver,2015-10-21T08:26:28Z,15003
jeecg-boot,2018-11-26T10:40:00Z,14994
awesome-blockchain-cn,2017-03-12T06:02:46Z,14989
FileSaver.js,2011-07-15T03:27:54Z,14983
API-Security-Checklist,2017-07-08T20:01:38Z,14978
micro,2016-03-11T02:06:28Z,14960
pace,2013-09-12T04:24:29Z,14942
jasmine,2008-12-02T23:46:37Z,14927
vant,2017-04-19T07:55:31Z,14925
relay,2015-08-10T22:09:16Z,14924
fd,2017-05-09T21:27:10Z,14909
websocketd,2013-02-14T14:52:55Z,14893
masonry,2009-11-21T21:04:56Z,14879
pumpkin-book,2018-12-22T05:05:24Z,14870
material-components-web,2016-12-05T16:04:09Z,14868
forem,2016-11-13T23:02:13Z,14867
q,2010-09-04T01:21:12Z,14862
GSYVideoPlayer,2016-11-13T12:34:31Z,14860
pwc,2018-09-02T12:06:52Z,14854
parallax,2013-08-01T15:28:05Z,14853
TensorFlow-Course,2018-10-02T18:10:12Z,14850
numpy,2010-09-13T23:02:39Z,14850
ToolsOfTheTrade,2014-05-29T04:11:33Z,14845
kibana,2013-01-26T04:00:59Z,14834
ws,2011-11-09T22:32:45Z,14816
games,2012-01-05T19:48:55Z,14814
zepto,2010-09-20T07:57:57Z,14812
recharts,2015-08-07T06:50:27Z,14812
postgrest,2014-06-13T00:23:00Z,14809
keystone-classic,2013-07-02T05:01:55Z,14808
mars,2016-12-12T04:39:54Z,14805
react-developer-roadmap,2018-06-16T13:40:50Z,14786
Flat-UI,2013-03-03T15:36:49Z,14783
Telegram,2013-10-25T14:08:10Z,14779
svgo,2012-08-22T10:41:43Z,14768
ionicons,2013-10-10T14:34:18Z,14746
medium-editor,2013-05-29T17:40:11Z,14744
lectures,2017-02-06T11:32:46Z,14733
zsh-autosuggestions,2013-10-26T16:09:37Z,14732
sherlock,2018-12-24T14:30:48Z,14720
apollo-client,2016-02-26T20:25:00Z,14689
Carbon,2012-09-08T02:56:20Z,14676
css-protips,2015-08-29T12:29:03Z,14669
jsdom,2010-01-19T06:55:19Z,14663
envoy,2016-08-08T15:07:24Z,14658
cocos2d-x,2010-11-18T23:17:00Z,14643
lime,2012-10-03T18:10:02Z,14632
N-blog,2013-05-27T06:46:58Z,14626
skywalking,2015-11-07T03:30:36Z,14620
SpaceVim,2016-12-26T04:40:55Z,14620
bootstrap,2012-10-05T18:27:01Z,14604
ccxt,2017-05-14T15:41:56Z,14600
recompose,2015-10-07T05:54:51Z,14597
professional-programming,2015-11-07T05:07:52Z,14593
pyspider,2014-02-21T19:18:47Z,14571
delve,2014-05-20T19:24:43Z,14564
spf13-vim,2010-04-20T16:20:16Z,14562
solarized,2011-02-18T05:18:27Z,14552
IQKeyboardManager,2013-08-25T11:32:48Z,14547
draggable,2017-09-27T15:31:23Z,14534
ink,2017-06-12T06:12:28Z,14521
react-sketchapp,2017-04-21T18:27:39Z,14520
rough,2016-12-13T09:12:55Z,14502
rxdb,2016-12-02T19:34:42Z,14489
inferno,2015-02-01T22:07:38Z,14483
Android-CleanArchitecture,2014-08-19T14:09:26Z,14482
awesome-falsehood,2016-09-08T09:13:47Z,14478
Best-App,2013-08-30T14:32:19Z,14478
cli,2013-07-13T19:32:06Z,14464
interview,2018-02-09T09:49:48Z,14445
insomnia,2016-04-23T03:54:26Z,14439
Awesome,2016-05-30T17:27:35Z,14430
homemade-machine-learning,2018-11-01T04:34:19Z,14418
ratchet,2012-08-17T05:41:57Z,14415
gotty,2015-08-16T09:48:33Z,14414
ipython,2010-05-10T04:46:06Z,14380
core,2014-11-18T00:44:57Z,14378
charts,2015-11-24T17:05:28Z,14351
setup-ipsec-vpn,2016-01-07T16:44:12Z,14296
react-dnd,2014-10-19T13:29:28Z,14290
riot,2013-09-27T05:21:01Z,14288
HowToBeAProgrammer,2016-01-04T16:47:54Z,14288
redisson,2014-01-11T14:06:25Z,14275
WordPress,2011-12-01T07:05:17Z,14273
git-extras,2010-08-04T16:32:07Z,14248
mybatis-3,2013-02-14T19:03:32Z,14247
v2rayN,2019-07-30T03:47:24Z,14245
cat,2012-12-05T02:31:48Z,14235
Awesome-Linux-Software,2016-08-06T13:16:29Z,14235
CnC_Remastered_Collection,2020-03-30T17:48:04Z,14233
NativeBase,2016-04-15T11:37:23Z,14231
vim-airline,2013-06-30T18:49:56Z,14211
go-micro,2015-01-13T23:30:18Z,14204
handsontable,2011-05-23T22:38:58Z,14195
litemall,2018-03-22T16:42:30Z,14191
download,2018-06-26T23:52:16Z,14178
toml,2013-02-24T03:03:57Z,14154
prepack,2015-10-28T23:25:08Z,14152
k3s,2018-05-31T01:37:46Z,14151
SpringCloudLearning,2017-04-08T10:06:56Z,14137
flink,2014-06-07T07:00:10Z,14133
awesome-datascience,2014-07-05T07:07:43Z,14110
BullshitGenerator,2019-10-28T17:05:51Z,14107
examples,2016-08-24T03:12:48Z,14104
lazysizes,2014-10-11T21:03:26Z,14103
nerdtree,2008-03-10T07:34:08Z,14098
spleeter,2019-09-26T15:40:46Z,14091
react-admin,2016-07-13T07:58:54Z,14090
nacos,2018-06-15T06:49:27Z,14087
sanic,2016-05-26T04:38:22Z,14085
mustache.js,2009-10-04T23:41:19Z,14085
realm-cocoa,2012-04-16T20:06:56Z,14066
css-modules,2015-05-25T21:54:47Z,14061
vimium,2009-09-20T07:08:19Z,14054
react-hook-form,2019-03-05T23:47:10Z,14044
pytudes,2017-03-01T05:43:35Z,13982
bitcoinbook,2013-08-11T23:18:28Z,13976
bokeh,2012-03-26T15:40:01Z,13967
dgraph,2015-08-25T07:15:56Z,13954
lowdb,2014-04-02T02:16:06Z,13940
react-helmet,2015-06-18T00:07:34Z,13933
f8app,2016-03-10T21:45:12Z,13903
wechat_jump_game,2017-12-29T02:00:19Z,13892
Carthage,2014-10-10T19:54:55Z,13890
tfjs,2018-03-05T05:41:02Z,13890
p5.js,2013-02-26T03:14:47Z,13889
aos,2015-07-09T17:49:00Z,13888
data,2014-03-17T13:49:17Z,13882
jumpserver,2014-07-04T03:54:59Z,13880
react-native-vector-icons,2015-05-15T16:38:57Z,13873
nps,2018-11-04T13:22:51Z,13853
blessed-contrib,2015-01-14T14:18:07Z,13848
RSSHub,2018-04-02T14:43:21Z,13846
SwiftLint,2015-05-16T16:59:31Z,13845
leetcode,2014-10-20T03:22:04Z,13827
ui-router,2013-01-18T20:26:29Z,13816
awesome-spider,2016-09-30T02:33:03Z,13796
Perfect,2015-10-02T18:20:08Z,13795
openssl,2013-01-15T22:34:48Z,13788
locust,2011-02-17T11:08:03Z,13785
ShareX,2013-10-08T23:32:10Z,13785
amphtml,2015-09-01T22:10:53Z,13782
incubator-weex,2017-01-06T08:00:06Z,13770
PySnooper,2019-04-18T13:55:43Z,13761
jitsi-meet,2013-12-16T12:51:09Z,13759
java8-tutorial,2014-03-16T17:25:43Z,13756
functional-programming-jargon,2015-02-22T16:04:42Z,13753
Spring,2014-12-26T14:57:02Z,13728
nginx-proxy,2014-05-05T17:01:40Z,13725
HikariCP,2013-10-08T05:43:03Z,13717
luigi,2012-09-20T15:06:38Z,13713
OnJava8,2018-11-20T05:41:18Z,13711
diff-so-fancy,2016-02-04T11:32:08Z,13703